{"cameraMode":{"drawMode":0,"name":"Shaded","section":"Shading Mode"},"sceneLighting":false,"audioPlay":false,"sceneViewState":{"showFog":true,"showMaterialUpdate":false,"showSkybox":true,"showFlares":true,"showImageEffects":true,"showParticleSystems":true},"in2DMode":false,"pivot":{"x":47.69334030151367,"y":40.404197692871097,"z":137.57350158691407},"rotation":{"x":0.25038576126098635,"y":-0.6654897928237915,"z":0.2541572153568268,"w":0.6556175947189331},"size":22.0,"orthographic":false}