{"cameraMode":{"drawMode":0,"name":"Shaded","section":"Shading Mode"},"sceneLighting":false,"audioPlay":false,"sceneViewState":{"showFog":true,"showMaterialUpdate":false,"showSkybox":true,"showFlares":true,"showImageEffects":true,"showParticleSystems":true},"in2DMode":false,"pivot":{"x":74.77632141113281,"y":32.488338470458987,"z":199.96804809570313},"rotation":{"x":-0.011971780098974705,"y":0.7358752489089966,"z":0.01301629189401865,"w":0.6768861413002014},"size":7.862247943878174,"orthographic":false}