{"cameraMode":{"drawMode":0,"name":"Shaded","section":"Shading Mode"},"sceneLighting":false,"audioPlay":false,"sceneViewState":{"showFog":true,"showMaterialUpdate":false,"showSkybox":true,"showFlares":true,"showImageEffects":true,"showParticleSystems":true},"in2DMode":false,"pivot":{"x":96.9000015258789,"y":31.079999923706056,"z":24.714000701904298},"rotation":{"x":0.34947481751441958,"y":0.29100608825683596,"z":-0.11515742540359497,"w":0.883131742477417},"size":5.715771198272705,"orthographic":false}