{"cameraMode":{"drawMode":0,"name":"Shaded","section":"Shading Mode"},"sceneLighting":true,"audioPlay":false,"sceneViewState":{"showFog":true,"showMaterialUpdate":false,"showSkybox":true,"showFlares":true,"showImageEffects":true,"showParticleSystems":true},"in2DMode":false,"pivot":{"x":100.5483627319336,"y":29.986841201782228,"z":22.820947647094728},"rotation":{"x":0.08772672712802887,"y":0.9094868302345276,"z":-0.24761636555194856,"w":0.32221725583076479},"size":22.0,"orthographic":false}