{"cameraMode":{"drawMode":0,"name":"Shaded","section":"Shading Mode"},"sceneLighting":true,"audioPlay":false,"sceneViewState":{"showFog":true,"showMaterialUpdate":false,"showSkybox":true,"showFlares":true,"showImageEffects":true,"showParticleSystems":true},"in2DMode":false,"pivot":{"x":119.509765625,"y":255.17552185058595,"z":582.2395629882813},"rotation":{"x":0.06497512757778168,"y":0.9049222469329834,"z":-0.14957624673843385,"w":0.39309161901474},"size":556.1658935546875,"orthographic":false}