{"cameraMode":{"drawMode":0,"name":"Shaded","section":"Shading Mode"},"sceneLighting":true,"audioPlay":false,"sceneViewState":{"showFog":true,"showMaterialUpdate":false,"showSkybox":true,"showFlares":true,"showImageEffects":true,"showParticleSystems":true},"in2DMode":false,"pivot":{"x":-117.30490112304688,"y":-15.922367095947266,"z":-38.679298400878909},"rotation":{"x":-0.043222326785326007,"y":0.8080837726593018,"z":-0.05976327881217003,"w":-0.584432065486908},"size":132.15017700195313,"orthographic":false}